ROAD_NAME,ROAD_NAME_INT,Accident_Count
ABBOTTS,COOPERS,2
ABEL,SULLIVAN,2
ADAM,CAIN,2
ADAM,HOUSTON,3
ADAM,THISTLE,1
ADAM STREET -GLADSTONE,ADAM,1
ADAM STREET -HATTAM,BELLE VUE,1
AIRSTRIP,BENDIGO-PYRAMID,1
ALBERT,KEENES,1
ALDER,LOVERO,1
ALEXANDER,LANSELL,1
ALKOOMI,MYRTLE,1
ALLIES,CALDER,1
ALLIES,HERMITAGE,1
ALLIES,MURDOCH,1
ALLIES,OLD BRIDGEWATER,2
ALLIES,SANDHURST TOWN,1
ALLIES,SCHUMAKERS,1
ALLIES,WILLIAMS,2
ALLINGHAM,BREEN,1
ALLINGHAM,GRAY,1
ALLINGHAM,HAM,6
ALLINGHAM,MUIR,2
ALLINGHAM,WATERSON,1
ALMOND TREE,HOKINS,1
APELINE,DORRINGTON,1
APELINE,PHILLIS,2
ARGUS,ARGUS ALT,1
ARMS,CREETH,2
ARNOLD,ATKINS,1
ARNOLD,BANNISTER,4
ARNOLD,DROUGHT,4
ARNOLD,GRATTAN,2
ARNOLD,LUCAN,3
ARNOLD,SMITH,2
ARNOLD,STEWART,5
ARNOLD,ULEY,1
ARNOLD STREET -BRIDGE,BRIDGE,2
ARTHUR,GARSED,2
ARTHUR,RAILWAY,1
ASPINALL,BISSELL,1
ASPINALL,MISTLETOE,3
ASPINALL,PRAIN,2
AUGUSTA,CASHENS,1
AUTUMN GULLY,SPRING GULLY,1
AVERYS,HOWARD,4
AVERYS,JOBS GULLY,8
AVERYS,PARKER,1
AVERYS,PROUSES,3
AVERYS,SIMPSONS,2
AVERYS,VICTORIA,1
AXE CREEK,EVERODE,1
AXE CREEK,HOULAHANS,1
AXE CREEK,MYRTLE CREEK,1
AXE CREEK,OCONNELL,1
AXE CREEK,PATONS,2
AXE CREEK,RED BOX,1
AXE CREEK,SALAU,1
AXE CREEK,STEENS,1
AXE CREEK,SUTTON GRANGE,3
AXE CREEK,TRENT,1
AXE CREEK,WHITNEY,1
AXEDALE-GOORNONG,CAMPASPE,3
AXEDALE-GOORNONG,FOSTERVILLE NORTH,2
AXEDALE-GOORNONG,GOORNONG-BARNADOWN,1
AXEDALE-GOORNONG,PETHERICKS,1
AXEDALE-GOORNONG,RAGLAN E,1
AXEDALE-GOORNONG,RIVER,1
AXEDALE-GOORNONG,SANDY CREEK-BARNADOWN,5
AXEDALE-GOORNONG,SUGARLOAF,4
AXEDALE-GOORNONG,WHATLEYS,2
AXEDALE-TOOLLEEN,AXEDALE-CROSBIE,1
AXEDALE-TOOLLEEN,KNOWSLEY-BARNADOWN,4
AXEDALE-TOOLLEEN,MCROBERTS,1
AXEDALE-TOOLLEEN,MURPHYS,2
AXEDALE-TOOLLEEN,RALSTONS,2
BACK KYNETON,CARBOON,1
BACK KYNETON,COMMISSIONERS FLAT,1
BACK KYNETON,HERRIOT,1
BACKHAUS,WATSON,1
BAILES,ARNOLD,2
BAKERS,GUYS HILL,1
BANCROFT,BARKLY,2
BANCROFT,ROSALIND,2
BANNISTER,BAYNE,2
BANNISTER,NOLAN,2
BARKLY,VALENTINE,1
BARNARD,ARNOLD,4
BARNARD,BARNARD,6
BARNARD,DON,1
BARNARD,EAGLEHAWK,1
BARNARD,FOREST,2
BARNARD,HONEYSUCKLE,4
BARNARD,HOPE,1
BARNARD,LILY,6
BARNARD,PARK,1
BARNARD,VIEW,20
BARNARD,VINE,1
BARNARD,WATER,4
BARNARD STREET -LUCAN,ARNOLD,12
BARRELL,RESERVE,1
BATCHELDER,POWELL,1
BATH,EDWARD,1
BAXTER,HARGREAVES,2
BAY,HIGH,1
BAYNE,LOBB,1
BAYNE,LUCAN,3
BAYNE,ULEY,1
BEEBE,SOMERVILLE,1
BEISCHER,MCIVOR,1
BEISCHER,STRICKLAND,3
BELLE VUE,HATTAM,1
BELLE VUE,PATERSON,2
BENDIGO-EAGLEHAWK,BRIDGE,1
BENDIGO-EAGLEHAWK,NELSON,10
BENDIGO-EAGLEHAWK,ORLWIN,1
BENDIGO-MALDON,ALMOND TREE,1
BENDIGO-MALDON,CALDER ALTERNATIVE,2
BENDIGO-MALDON,HEWLETTS,2
BENDIGO-MALDON,LOCKWOOD RISES,1
BENDIGO-MALDON,MCGLASHANS,1
BENDIGO-MALDON,MULBERRY,1
BENDIGO-MALDON,PANORAMA,1
BENDIGO-MALDON,SPRINGVALE,3
BENDIGO-MARYBOROUGH,BOSWELL,1
BENDIGO-MARYBOROUGH,NEVINSON,3
BENDIGO-MARYBOROUGH,NEWBRIDGE,3
BENDIGO-MARYBOROUGH,NIXONS,1
BENDIGO-MARYBOROUGH,PINCHGUT,1
BENDIGO-MARYBOROUGH,QUARRY,1
BENDIGO-MARYBOROUGH,SPRIGGS,2
BENDIGO-MARYBOROUGH,WHYTE,4
BENDIGO-MURCHISON,ELMORE-BARNADOWN,3
BENDIGO-PYRAMID,AIRSTRIP,2
BENDIGO-PYRAMID,BOOTH,2
BENDIGO-PYRAMID,EVANS,1
BENDIGO-PYRAMID,FOGARTYS,2
BENDIGO-PYRAMID,HUGHES,3
BENDIGO-PYRAMID,JANAWAY,1
BENDIGO-PYRAMID,JOBES,1
BENDIGO-PYRAMID,KETTERERS,1
BENDIGO-PYRAMID,LESTER,1
BENDIGO-PYRAMID,MAIN,1
BENDIGO-PYRAMID,MCKENNA,3
BENDIGO-PYRAMID,OLD SEBASTIAN,2
BENDIGO-PYRAMID,SAILORS GULLY ALT,1
BENDIGO-PYRAMID,SANDHURST,1
BENDIGO-PYRAMID,SEBASTIAN,1
BENDIGO-REDESDALE,COLVINS,1
BENDIGO-REDESDALE,LEIGH,1
BENDIGO-REDESDALE,LINK,1
BENDIGO-REDESDALE,STRATHFIELDSAYE,4
BENDIGO-TENNYSON,CAMP,2
BENDIGO-TENNYSON,HAYHURSTS,1
BENDIGO-TENNYSON,OLD MURRAY,1
BENDIGO-TENNYSON,TANDARRA,1
BENNETT,HAVILAH,3
BENNETT,WATTLE,1
BIGGINS,MEADOWS,1
BLACK WATTLE,GREENVIEW,1
BOBS,GRACE,1
BOBS,POWELL,9
BONAZZA,MAIDEN GULLY,1
BONNEYS,SPRING FLAT,1
BOOTH,CHUM,7
BOOTH,OLD HIGH,2
BOOTH,OPHIR,1
BOOTH,YALOKE,1
BORLEY,ROSS,1
BOROUGH,MUNRO,1
BOUNDARY,CLAYPIT,1
BOWLES,HOWARD,1
BOWLES,MCIVOR,1
BOYD,MYER,1
BRACEWELL,CLARKE,2
BRACEWELL,EVELY,1
BRACEWELL,GOLF LINKS,3
BRADFORD,BRADFORD ALT,1
BRAMBLE,MUNDY,1
BRAY,BRAY,1
BRAZIER,CAMPBELL,1
BRAZIER,PANTON,2
BREEN,ADAM,1
BREEN,THISTLE,4
BREN,OWEN,1
BRENTWOOD,GUYS HILL,1
BRICKWORKS,MURPHY,2
BRIDGE,BRIDGE,2
BRIDGE,LUCAN,2
BRIDGE,NOLAN,1
BRIDGE,WATER,6
BRIDGE STREET -CHAPEL,BRIDGE,1
BRIDGEWATER-RAYWOOD,THREE CHAIN,1
BRIGHT,CHAPPLE,2
BRIGHT,GASKELL,1
BRIGHT,MARGARET,1
BRIGHT,NELSON,1
BRIGHT,OSWALD,1
BRIGHT,WILLAN,1
BRONWYN,KRISTY,1
BROUGHAM,WILLIAMSON,1
BROWN,GREEN,1
BROWN REEF,LOCKWOOD,1
BROWNING,GIUDICE,1
BROWNING,MACKENZIE W,5
BRYDEN,SPRINGS,1
BUCKLAND,GOYNES,3
BUCKLEY,MORAN,1
BURGOYNE,HUDDLE,1
BURNS,AUSFELDII,1
BURROWES,ELWOOD,1
BUSHS,MOLLISON,1
BUTCHER,RESERVOIR,2
BUTLER,HOSKEN,1
CAELLIS,BENDIGO-TENNYSON,1
CAHILLS,DIAMOND HILL,2
CALDER,ALLIES,1
CALDER,BECKHAMS,10
CALDER,BEILHARZ,1
CALDER,BELVOIR PARK,6
CALDER,BICKFORDS,1
CALDER,BIRCHALLS,1
CALDER,BRAEDENE,1
CALDER,BUCKEYE,2
CALDER,CALDER,1
CALDER,CALDER ALTERNATIVE,16
CALDER,CATHCART,2
CALDER,CHERRY TREE,2
CALDER,EAGLEHAWK,1
CALDER,EDMARNA,1
CALDER,EDWARDS,10
CALDER,ELM,2
CALDER,FRANKELS,1
CALDER,GEE,2
CALDER,GIRVAN,1
CALDER,HIGH,2
CALDER,HIGH ALT,1
CALDER,HIGH LEVEL,4
CALDER,HILLS ALT,1
CALDER,HOKINS ALT,4
CALDER,HOULISTON,2
CALDER,INGLEWOOD,1
CALDER,INGLIS,3
CALDER,KURRAJONG,1
CALDER,LANDRY,1
CALDER,LESLIE,3
CALDER,MAIDEN GULLY,5
CALDER,MCDONALDS,2
CALDER,MCINNES,2
CALDER,MCNIECE,2
CALDER,MONSANTS,6
CALDER,OLYMPIC,4
CALDER,PHILLIS,6
CALDER,SMITHS,3
CALDER,SOLDIER,2
CALDER,SPARROWHAWK,7
CALDER,TUCKERMANS,7
CALDER,WICKS,4
CALDER,YORKSHIRE,4
CALDER ALTERNATIVE,BENDIGO-MALDON,4
CALDER ALTERNATIVE,BENDIGO-MARYBOROUGH,2
CALDER ALTERNATIVE,BRYANS,2
CALDER ALTERNATIVE,BULLOCK,2
CALDER ALTERNATIVE,CALDER,11
CALDER ALTERNATIVE,CEMETERY,5
CALDER ALTERNATIVE,EDWARDS,3
CALDER ALTERNATIVE,FENTONS,6
CALDER ALTERNATIVE,HAZELDENES,1
CALDER ALTERNATIVE,HURST,1
CALDER ALTERNATIVE,LOCKWOOD,7
CALDER ALTERNATIVE,SALLIS,2
CALDER ALTERNATIVE,WIEGARDS,1
CALDER ALTERNATIVE,WINGRAVE,2
CALDER ALTERNATIVE,YUNAH,1
CALDER HIGHWAY -MARONG,KRONK,1
CALDER HIGHWAY SERVICE,BECKHAMS,1
CALDWELL,HEATHCOTE-NORTH COSTERFIELD,1
CALDWELLS,CROWTHER,1
CALDWELLS,MCCORMACKS,1
CALDWELLS,PORTER,1
CALEDONIA,WEEROONA,1
CAMBRIAN,CURTIN,1
CAMP,BOOTH,1
CAMP,CHURCH,4
CAMP,DOWNIE,1
CAMP,HERRIOT,1
CAMPBELL,BENDIGO-TENNYSON,1
CAMPBELL,MILLWOOD,1
CANNY,CARNEYS,1
CARADON,NAPIER,1
CARCOOLA,CRUSOE,1
CARDWELL,NORTHERN,1
CAROLIN,CARPENTER S,1
CAROLIN,RETREAT,3
CAROLYN,GLENELG,1
CARPENTER,HOUSTON,10
CARPENTER,STATION,5
CASEY,DENOVAN,2
CASEY,KENNEDY,1
CASEY,NELSON,1
CASSONS,DEMIJOHN,1
CEDAR,NATION,1
CHANNEL,ROBIE,1
CHAPEL,BRIDGE,2
CHAPEL,FARMER,1
CHAPEL,HARGREAVES,4
CHAPEL,HOPETOUN,2
CHAPEL,MYERS,1
CHAPEL,REGENT,1
CHAPEL STREET -MCIVOR,MYERS,17
CHARLESTON,LANSELL,2
CHARLESTON,LLOYD,1
CHARLESTON,NOLAN,4
CHAUNCEY,PLAYNE,1
CHILDERS,MICHIE,1
CHUM,MAPLE,1
CHUM,SPECIMEN HILL,1
CHUM,THISTLE,2
CHUM,WILMOTT,2
CHURCH,CHAPEL,1
CHURCH,NORTH REDESDALE,1
CHURCH,STATION,1
CHURCH,TAYLOR,5
CLARKE,HERVEY,1
CLARKES,RAILWAY,1
CLUB,CLIFFROYOL,1
COLLINS,ASPINALL,1
COLLINS,THREE HILLS,1
COLVINS,CANNY,1
COMER,HEATHCOTE-REDESDALE,1
CONDON,ALLISON,1
CONDON,CAMPASPE,1
CONDON,EDWARDS,23
CONDON,HARLEY,1
CONDON,MARNIE,1
CONDON,NEALE,3
CONDON,RESERVOIR,1
CONDON,STERNBERG,2
CONDON,SUMMIT,2
CONDON,SWALLING,1
CONDON,WILLIAMSON,1
CONDON,WILLOW,1
CONWAY,SEDGWICK,1
COOK,RETREAT,1
COUSINS,CROOK,1
COWPER,HOLDSWORTH,1
CRANE,COLLINS,1
CREEK,THISTLE,1
CREEK,VINE,1
CREEK,VIOLET,1
CREEK,WATTLE,1
CREEKSIDE,FIDDLERS,1
CREETH,BOND,1
CREETH,EAGLEHAWK,1
CREETH,HERCULES,1
CREETH,WILSON,1
CROOK,MCIVOR,3
CROWES,DOAKS,1
CRUSOE,ANDREW,1
CRUSOE,BARRY,1
CRUSOE,CALDER ALTERNATIVE,2
CRUSOE,ECHIDNA,3
CRUSOE,FRASER,3
CRUSOE,FURNESS,3
CRUSOE,MCCOMBS,1
CRUSOE,MERIKI,2
CRUSOE,MERINDAH,3
CRUSOE,ODEA,2
CRUSOE,PITTAWAY,1
CRUSOE,QUEEN,1
CRUSOE,TARR,3
CURNOW,RUTH,1
CURRIE,LYELL,1
CURRIE,PATONS,1
CURTIN,ELLIS,1
CURTIN,KECK,1
CURTIN,NISH,1
DAIRY FLAT,HEATHCOTE-EAST BAYNTON,1
DAIRY FLAT,JACKSONS,1
DAIRY FLAT,JOES,1
DALY,BOND,1
DAMPER DAM,JIM,1
DANSON,LANSELL,1
DAVEY,DYSON,1
DEBORAH,ABEL,1
DERBY,NERING,2
DERRINAL STATION,MCIVOR,1
DERRINAL-CROSBIE,TUNNECLIFFS,1
DERWENT,JASON,1
DIAMOND HILL,HOLLIDAYS,3
DIAMOND HILL,KANGAROO GULLY,3
DIAMOND HILL,NANKERVIS,1
DIAMOND HILL,PENTLANDS,2
DIAMOND HILL,PICCANINNY,1
DIAMOND HILL,SHELTONS,6
DOLES,GODFREYS,1
DON,BARNARD,9
DON,MACKENZIE,5
DON STREET -EAGLEHAWK,BRADSHAW,1
DON STREET -EAGLEHAWK,EAGLEHAWK,2
DON STREET -HIGH,VIOLET,14
DONELLYS,PLANTATION,1
DORRINGTON,APELINE,1
DOWDING,WOOD,2
DRECHSLER,SOMERVILLE,1
DROUGHT,FLOOD,1
DRUMMARTIN,DEGRAVES,1
DUKE,LONDEY,1
DUNDAS,LYONS,2
DWYER,KNOWSLEY-BARNADOWN,1
EAGLEHAWK,ASHLEY,2
EAGLEHAWK,BALLERSTEDTS,1
EAGLEHAWK,BARNARD,1
EAGLEHAWK,BRADSHAW,1
EAGLEHAWK,BRIGHT,1
EAGLEHAWK,CRAIG,1
EAGLEHAWK,CREETH,17
EAGLEHAWK,CUNNEEN,3
EAGLEHAWK,HAVILAH,1
EAGLEHAWK,HAYES,2
EAGLEHAWK,HOLDSWORTH,4
EAGLEHAWK,JACKSON,4
EAGLEHAWK,JOAN,1
EAGLEHAWK,MCGOWAN,1
EAGLEHAWK,MCKENZIE,1
EAGLEHAWK,MURDOCK,1
EAGLEHAWK,PANTON,5
EAGLEHAWK,POPPET,1
EAGLEHAWK,RULE,2
EAGLEHAWK,SANDHURST,3
EAGLEHAWK,SCHOOL,1
EAGLEHAWK,STAFFORD,2
EAGLEHAWK,SUSAN,1
EAGLEHAWK,TAYLOR,2
EAGLEHAWK,THORN,1
EAGLEHAWK,THORPE,4
EAGLEHAWK,VICTORIA,3
EAGLEHAWK,WELLS,1
EAGLEHAWK ROAD -MARONG,EAGLEHAWK,6
EAGLEHAWK-NEILBOROUGH,CAMP,1
EAGLEHAWK-NEILBOROUGH,EVANS,1
EAGLEHAWK-NEILBOROUGH,HOWARD,1
EAGLEHAWK-NEILBOROUGH,MAGPIE GULLY,1
EAGLEHAWK-NEILBOROUGH,MILLERS FLAT,1
EAGLEHAWK-NEILBOROUGH,NAUGHTON,3
EAGLEHAWK-NEILBOROUGH,NOTLEY,1
EAGLEHAWK-NEILBOROUGH,OLD TOM,2
EAGLEHAWK-NEILBOROUGH,PIERCES,1
EAGLEHAWK-NEILBOROUGH,PROWSE,1
EAGLEHAWK-NEILBOROUGH,SCOTTS,1
EAGLEHAWK-NEILBOROUGH,SIMPSONS,1
EAGLEHAWK-NEILBOROUGH,WHIPSTICK,4
EDWARD,GARSED,4
EDWARD,HARGREAVES,1
EDWARD,QUEEN,2
EDWARDS,BYRON,3
EDWARDS,CALDER FWD,3
EDWARDS,CARDOGEN,1
EDWARDS,CONDON,3
EDWARDS,DILE,2
EDWARDS,ELLIS,2
EDWARDS,HAKEA,4
EDWARDS,HARVEYS,2
EDWARDS,INNOVATION,1
EDWARDS,JOHNSTON,2
EDWARDS,KATHLEEN,1
EDWARDS,LYNDAM,1
EDWARDS,MONSANTS,1
EDWARDS,ONE TREE HILL,13
EDWARDS,SALLIS,3
EDWARDS,ST AIDANS,2
EDWARDS,VAINS,1
EICKERTS,CONNALLYS,1
ELLESMERE,BILL MOLLISON,1
ELLESMERE,BOX,1
ELLESMERE,JAY,1
ELLIS,CURTIN,1
ELLIS,HOULAHAN,3
ELLIS,SHARON,1
ELLIS,SOMERVILLE,5
ELLIS,THE TERRACE,1
ELLIS,THEODORE,1
ELMORE-BARNADOWN,AVONMORE BRIDGE,1
ELMORE-BARNADOWN,BENDIGO-MURCHISON,1
ELMORE-BARNADOWN,ENGLISH BRIDGE,3
ELMORE-BARNADOWN,SANDY CREEK-BARNADOWN,3
ELMORE-BARNADOWN,SOUTH,1
ELMORE-MITIAMO,COUGHLINS,1
ELMORE-MITIAMO,ELMORE-RAYWOOD,2
ELMORE-RAYWOOD,BENDIGO-PYRAMID,1
ELMORE-RAYWOOD,BENDIGO-TENNYSON,4
ELMORE-RAYWOOD,GOORNONG-MAYREEF,1
ELMORE-RAYWOOD,JENSENS,1
ELMORE-RAYWOOD,MCKEES,1
ELMORE-RAYWOOD,MILLWOOD,1
ELMORE-RAYWOOD,NESBITT,1
EMMETT,SPECIMEN HILL,1
EMPIRE,NORRIS,1
EMU CREEK,STORYS,2
EMU CREEK,STRATHFIELDSAYE,1
EPSOM-BARNADOWN,CLAYPIT,1
EPSOM-BARNADOWN,FOREST,1
EPSOM-BARNADOWN,HUNTLY-FOSTERVILLE,2
EPSOM-BARNADOWN,IRONSTONE,1
EPSOM-BARNADOWN,QUINNS,2
EPSOM-BARNADOWN,RAJAH,1
FAIRY DELL,LAST,1
FARNELLS,NOY,1
FAUGH-A-BALLAGH,LAWSON,1
FAUGH-A-BALLAGH,WALTER ALT,1
FENTON,ANDERSON,2
FENTON,HOLMES,3
FINN,STAPLES,1
FINN,THUNDER,1
FITZGIBBON,STRATHFIELDSAYE,2
FOREST,AMBERS,1
FOREST,HARRISON,1
FOREST,LANGSTON,1
FOREST,MACKENZIE,1
FOREST,ROWAN,1
FOREST,SHELDONS,1
FOREST HEIGHTS,ASPINALL,1
FOXES,RIFLE RANGE,1
FREEMAN,FREEMAN ALT,1
FRISWELL,DERBY,2
FURNESS,CANNON,1
FURNESS,CRUSOE,1
FURNESS,HIGH,1
GALLOWAY,DEXTER,1
GALVIN,WILLIAMSON,2
GAOL,PARK,1
GAOL,ROWAN,2
GAP,HAYES,1
GARSED,EDWARD,1
GARSED,MYRTLE,1
GENARDINIS,DERBY,1
GILL,NELSON,1
GIRIS,MILLS,1
GIRVAN,GIRVANS,1
GLADSTONE,ADAM,1
GLADSTONE,PEEL,2
GLEDHILL,OLYMPIC,1
GLENCOE,LOWNDES,1
GLENCOE,ST AIDANS,2
GOLD ASSOCIATES,MARONG,1
GOLDEN SQUARE-LONG GULLY,CREETH,1
GOLDEN SQUARE-LONG GULLY,DERWENT,1
GOLDEN SQUARE-LONG GULLY,MACKENZIE W,1
GOLDEN SQUARE-QUARRY HILL,ADAM,1
GOLDEN SQUARE-QUARRY HILL,PYKE,1
GOLDIE,HIGH,1
GOLF COURSE,RACECOURSE,1
GOLF COURSE,STATION,1
GOLF COURSE,TAYLOR,4
GOLF LINKS,KRAUSGRILL,1
GOLF LINKS,WILLIAMS,1
GOORNONG-BARNADOWN,AXEDALE-GOORNONG,1
GOORNONG-BARNADOWN,BELLHOLME,1
GOORNONG-BARNADOWN,NELSON,1
GOORNONG-MAYREEF,COLLINS,1
GOYNES,BOTANICAL,1
GOYNES,HOWARD,1
GREEN,HAVILAH,1
GREEN,NELSON,2
GRENFELL,FINCH,1
GRENFELL,HICKS,1
GUYS HILL,ARUNGA,1
GUYS HILL,BRENTWOOD,2
GUYS HILL,PIONEER,1
GUYS HILL,TANNERY,8
HAGGAR,WILLAN,1
HALLAM,SOMERVILLE,1
HAM,ADELAIDE GULLY,1
HAM,ALLINGHAM,1
HAM,COONOOER,2
HAM,MACDOUGALL,2
HAMMILL,STANLEY,1
HAPPY VALLEY,COATH,1
HAPPY VALLEY,UNION,1
HARDINGS,PARSONS,1
HARDYS,OLD BRIDGEWATER,1
HARDYS,SUNRISE,1
HARGREAVES,BULL,1
HARGREAVES,CHAPEL,2
HARGREAVES,MITCHELL,2
HARGREAVES,MUNDY,1
HARGREAVES,MYRTLE,1
HARGREAVES,NOLAN,3
HARGREAVES,SHORT,2
HARGREAVES,THISTLE,2
HARGREAVES,TRAMWAYS,1
HARGREAVES,VIOLET,3
HARGREAVES,WATTLE,3
HARGREAVES,WILLIAMSON,5
HARLEY,BUTCHER,2
HARLEY,GOLDEN,1
HARPER,BOUNDARY,1
HARPER,CLAYPIT,1
HARPER,QUINNS,3
HARRIS,MAS,1
HARRIS,WHARTON,1
HATTAM,BELLE VUE,1
HATTAM,MACCULLAGH,3
HATTAM,TUCKER,2
HATTAM,WOODWARD,3
HATTAM STREET -OAK,ALLINGHAM,5
HAVERING,SULLIVANS,1
HAVILAH,ARMS,1
HAVILAH,KINROSS,1
HAVILAH,MORAN,1
HAVILAH,POULSTON,1
HAVILAH,QUICK,1
HAVLIN,ABBOTT,1
HAVLIN,HOUSTON,1
HAVLIN,MILLER,1
HAVLIN,WILLIAMSON,1
HAYES,JEBB,1
HEATHCOTE-KYNETON,STONE JUG,1
HEATHCOTE-NAGAMBIE,BAIGE,1
HEATHCOTE-NAGAMBIE,FOREST,3
HEATHCOTE-NAGAMBIE,GREENS,2
HEATHCOTE-NAGAMBIE,PARFREY,1
HEATHCOTE-NAGAMBIE,REDBURNS,1
HEATHCOTE-NAGAMBIE,WARD,1
HEATHCOTE-NAGAMBIE,WATERS,2
HEATHCOTE-NORTH COSTERFIELD,BRADLEYS,4
HEATHCOTE-NORTH COSTERFIELD,HALL,2
HEATHCOTE-NORTH COSTERFIELD,MT IDA,2
HEATHCOTE-NORTH COSTERFIELD,PLANTATION,1
HEATHCOTE-REDESDALE,ADAIRS,1
HEATHCOTE-REDESDALE,BACK KYNETON,1
HEATHCOTE-REDESDALE,BURKES,3
HEATHCOTE-REDESDALE,HEATHCOTE-SPRING PLAINS,3
HEATHCOTE-REDESDALE,MATHESON,1
HEATHCOTE-REDESDALE,MEADOW VALLEY,3
HEATHCOTE-REDESDALE,OLD FORD,1
HEATHCOTE-REDESDALE,RYANS,2
HEATHCOTE-REDESDALE,SAILORS GULLY,1
HEATHCOTE-REDESDALE,WESTBLADE,1
HEATHCOTE-ROCHESTER,CAMPBELLS,1
HEATHCOTE-ROCHESTER,HICKS,2
HEINZ,RACECOURSE,1
HEINZ STREET -ROHS,HEINZ,1
HELM,MORRISON,2
HELM,WESLEY,2
HERCULES,WINZE,1
HEWITT,ST AIDANS,1
HEYWOOD,ANDREW,1
HICKS,STODDART,1
HIGH,ALDER,8
HIGH,ANILE,1
HIGH,ASH,6
HIGH,BARRACK,3
HIGH,BAY,4
HIGH,BEECH,5
HIGH,BOOTH,3
HIGH,CALDER,1
HIGH,CAMP,2
HIGH,CEDAR,4
HIGH,CHAUNCEY,4
HIGH,CHURCH,2
HIGH,CRAVEN,1
HIGH,ELM,7
HIGH,FIR,9
HIGH,FOREST,8
HIGH,FURNESS,6
HIGH,GUTHRIE,3
HIGH,HERRIOT,2
HIGH,HIGH,11
HIGH,HIGH ALT,6
HIGH,HIGH REV,1
HIGH,HONEYSUCKLE,4
HIGH,HUNTER,2
HIGH,JENNINGS,1
HIGH,KILMORE,1
HIGH,LANSELL,3
HIGH,LAST,1
HIGH,LAUREL,7
HIGH,LILY,4
HIGH,LINDSAY,1
HIGH,LOCKWOOD,16
HIGH,MAPLE,12
HIGH,MCIVOR,1
HIGH,MEDIKA,1
HIGH,MIMOSA,3
HIGH,MITCHELL,4
HIGH,MORRIS,1
HIGH,MYRTLE,10
HIGH,NAPIER,1
HIGH,OAK,23
HIGH,POHLMAN,3
HIGH,POPLAR,4
HIGH,SHAMROCK,5
HIGH,SHORT,7
HIGH,STATION,10
HIGH,SYMES,1
HIGH,TAYLOR,4
HIGH,THISTLE,10
HIGH,VICTORIA,14
HIGH,VIEW,6
HIGH,VINE,5
HIGH,VIOLET,4
HIGH,WATTLE,10
HIGH,WESLEY,15
HIGH,WIRELESS,8
HIGH STREET -KILMORE,VICTORIA HILL,1
HIGH STREET -LODDON VALLEY,NAPIER,3
HIGH STREET -NORTHERN,MCIVOR,2
HIGH STREET -PALL MALL,MITCHELL,10
HIGH STREET -PALL MALL,VIEW,5
HIGH STREET SERVICE,KIERAN,1
HODGKINSON,MICHAEL,3
HODGKINSON,STERNBERG,1
HODGSON,GROWLER,1
HODGSON,PINE,1
HODGSON,TRACEY,1
HOKINS,SOLDIER,1
HOLDSWORTH,ASHTON,1
HOLDSWORTH,CECIL,1
HOLDSWORTH,FINN,4
HOLDSWORTH,GIBSON,1
HOLDSWORTH,HOLDSWORTH,1
HOLDSWORTH,HOLMES,1
HOLDSWORTH,JACOB,1
HOLDSWORTH,KINROSS,2
HOLDSWORTH,KNAPE,2
HOLDSWORTH,PLUMRIDGE,1
HOLDSWORTH,PROUSES,2
HOLDSWORTH,WOOD,7
HOLDSWORTH ROAD -LYONS,RAGLAN,3
HOLLIDAYS,ROGERS,1
HOLLOW,MACDOUGALL,1
HOLMES,FENTON,12
HOLMES,HAVILAH,3
HOLMES,HOLDSWORTH,6
HOLMES,MCGOWAN,2
HONEYSUCKLE,KIRKWOOD,1
HONEYSUCKLE,MACKENZIE,1
HOPE,OLYMPIC,5
HOPETOUN,MUNDY,4
HOPKINS,MCCORMACKS,1
HOSPITAL,HAY,1
HOSPITAL,VICTORIA HILL,1
HOUSTON,ADAM,2
HOUSTON,PEEL,1
HOUSTON,RUSSELL,2
HOUSTON,SOMERVILLE,1
HOWARD,BURNSIDE,2
HOWARD,LORIKEET,1
HOWARD,MARKET GARDEN,4
HOWARD,MIDLAND,3
HOWARD,MYRTLE,4
HOWARD,SULLIVAN,1
HOWARD,TACKABERRY,2
HOY,HOLMES,1
HUDDLE,MUDGE,1
HUDDLE,SUTTON GRANGE,1
HUMBOLDT,PEARL,1
HUNTER,ALLINGHAM,1
HUNTLY-FOSTERVILLE,BOX,1
HUNTLY-FOSTERVILLE,BULL,1
HUNTLY-FOSTERVILLE,CRUIKSHANK,1
HUNTLY-FOSTERVILLE,EPSOM-BARNADOWN,1
HUNTLY-FOSTERVILLE,GOORNONG-FOSTERVILLE,1
HUNTLY-FOSTERVILLE,JAYS,1
HUNTLY-FOSTERVILLE,PLANT,1
HUNTLY-FOSTERVILLE,RENNIE,2
HUNTLY-FOSTERVILLE,SLADE,1
INGLIS,HARVEY,1
INGLIS,SAUNDERS,1
INGLIS,WAKEMAN,1
INGLIS STREET -STRAY,HAPPY VALLEY,3
IRONBARK,BRAMLEY,1
IRONBARK-WHITE HILLS,FOREST,1
IRONSTONE,STATION,9
IRONSTONE,STRICKLAND,2
JACKAS,WARROWITUE-FOREST,1
JACKSON,PHILPOT,1
JACKSON,STANFIELD,1
JAY,MURPHYS,1
JEBB,VICTORIA,1
JENNINGS,LLOYD,1
JEWELL,MURPHY,1
JOBS GULLY,BILLOLA,1
JOBS GULLY,EDWARDS,1
JOBS GULLY,HARVEY,1
JOBS GULLY,LAKEVIEW,3
JOBS GULLY,LANCASTER,1
JOBS GULLY,METROPOLITAN,1
JOBS GULLY,PENINSULA,2
JOHN,MACKENZIE W,1
JOSEPH,NOLAN,1
JUNOR,HAY,1
JUNORTOUN,TROTTING,1
KAIRN,CONDON,1
KANGAROO GULLY,ANGOVE,1
KANGAROO GULLY,APELINE,2
KANGAROO GULLY,CHANNEL,1
KANGAROO GULLY,LEANGANOOK,1
KANGAROO GULLY,SHELTONS,1
KEANE,SETTLEMENT,1
KECK,CURTIN,2
KECK,NEALE,1
KECK,SOMERVILLE,2
KELLYS,PATTERSONS,1
KENNEDY,MACKAY,2
KENNELLY,CARNEYS,1
KENNEWELL,HAMELIN,1
KENNEWELL,SCOTT,7
KETTERERS,GUNNS,1
KILMORE,HEATHCOTE-NAGAMBIE,1
KILMORE,MEARS,1
KILMORE,SPRING FLAT,1
KILMORE ROAD -NORTHERN,HEATHCOTE-NAGAMBIE,4
KIMBOLTON-AXEDALE,HENRY,1
KIMBOLTON-AXEDALE,KIMBOLTON-AXEDALE ALT,1
KIMBOLTON-AXEDALE,MINTER,1
KIMBOLTON-AXEDALE,STRATHFIELDSAYE,1
KING,EDWARD,1
KIRBY,EMMETT,1
KIRRANG POINT,TWIN RIVERS,1
KNAPE,EXCELL,1
KNIGHT,HEDLEY,1
KNOWSLEY-EPPALOCK,PIEPER,1
KNOWSLEY-EPPALOCK,SPILLWAY,1
KOOKABURRA,PROUSES,2
KOORINGAL,MCCLELLAND,1
KRONK,COLEMAN,1
KRONK,MARONG,2
KRONK,TIMBARRA,3
KRONKS,MCCLEANS,1
KULMANI,RUBICON,1
LANARK,BRAESIDE,1
LANDALE,OPAL,1
LANDY,MOCKRIDGE,1
LANGLEY,WAVERLEY,1
LANGSTON,FOREST,1
LANGSTON,VIEW,2
LAST,HIGH,1
LAUREL,BREEN,1
LECKIES,DAVIS,1
LIGAR,NEALE,1
LIGAR,STERNBERG,1
LILY,LILAC,1
LILY,ROWAN,1
LITTLE DEUTSOHER,NORMAN,1
LLOYD,BEISCHER,1
LLOYD,DAY,2
LLOYD,STRICKLAND,1
LOCKINGTON,ELMORE-RAYWOOD,1
LOCKWOOD,ANDERSON,1
LOCKWOOD,BROWN REEF,1
LOCKWOOD,CARPENTER,4
LOCKWOOD,DUNLOP,1
LOCKWOOD,ELDERSONS,2
LOCKWOOD,FAIRVIEW,2
LOCKWOOD,FOREST FIELD,1
LOCKWOOD,LANDRY,5
LOCKWOOD,LOCKWOOD,2
LOCKWOOD,MCCOMBS,1
LOCKWOOD,MERINDAH,4
LOCKWOOD,MURIEL,1
LOCKWOOD,NEIL,2
LOCKWOOD,OLYMPIC,8
LOCKWOOD,SPRIGGS,1
LOCKWOOD,SUNRISE GULLY,1
LOCKWOOD,TARR,2
LOCKWOOD,THOMAS,2
LOCKWOOD,WESLEY,1
LODDON VALLEY,CALDWELLS,5
LODDON VALLEY,CUNNEEN,1
LODDON VALLEY,DEMPSEY,1
LODDON VALLEY,DERBY,1
LODDON VALLEY,EAGLEHAWK,1
LODDON VALLEY,GORDONS,2
LODDON VALLEY,GRINTONS,3
LODDON VALLEY,LESTER,1
LODDON VALLEY,LETHEBYS,1
LODDON VALLEY,MARKET,3
LODDON VALLEY,MULVAHIL,3
LODDON VALLEY,MYERS FLAT,2
LODDON VALLEY,QUINNS,1
LODDON VALLEY,ROYALS,1
LODDON VALLEY,SAILORS GULLY,1
LODDON VALLEY,WILLIAMS,3
LOESERS,ADELAIDE HILLS,1
LONGLEA,WINDLE,1
LOUDEN,LOUDON,5
LOWNDES,OWEN,1
LUCAN,ARNOLD,2
LUCAN,BAKEWELL,1
LUCAN,NOLAN,9
LUXTON,NEIL,1
LYELL,GLOVER,1
LYELL,GREY BOX,1
LYELL,GUNMINS,1
LYELL,KELLYS,3
LYELL,MANGANS,3
LYELL,NEWNHAMS,1
LYELL,NORTH REDESDALE,2
LYELL,PATONS,1
LYELL,SUTTON GRANGE-REDESDALE,1
LYELL ROAD -RACECOURSE,RACECOURSE,1
LYONS,NAPIER,1
LYONS,ROHS,2
LYTTLETON,CHAPEL,1
LYTTLETON,QUEEN,6
LYTTLETON,ST ANDREWS,1
LYTTLETON,WILLS,1
MACDOUGALL,HAM,1
MACDOUGALL,HOLLOW,1
MACKENZIE,BAY,4
MACKENZIE,MACKENZIE W,1
MACKENZIE,NORMA,2
MACKENZIE,OLYMPIC,4
MACKENZIE,OPHIR,2
MACKENZIE,PATRICIA,1
MACKENZIE,SHORT,1
MACKENZIE,SYMONDS,1
MACKENZIE,THISTLE,4
MACKENZIE,WADE,1
MACKENZIE STREET W-OAK,MACKENZIE W,4
MAGELLAN,OLYMPIC,1
MAGPIE,STRATHFIELDSAYE,1
MANDURANG,CONNELLYS,1
MANDURANG,FADERSONS,1
MANDURANG,NANKERVIS,3
MANDURANG,ONE TREE HILL,1
MANDURANG,TANNERY,4
MANDURANG,WATTLE,2
MANDURANG SOUTH,BLOSSETT,2
MANDURANG SOUTH,HOGANS,1
MANGANS,COLIBAN,1
MANGANS,RANDALL,1
MANNA GUM,BOTANICAL,2
MANNES,BAKERS,1
MANSELL,MUIR,1
MAPLE,BANOOL,1
MAPLE,ELWOOD,1
MAPLE,HIGH,1
MAPLE,MACKENZIE,1
MAPLE,MARONG,1
MAPLE,PALLETT,2
MAPLE,PANTON,1
MARGARET,ELMORE-BARNADOWN,1
MARGARET STREET -MIDLAND,ELMORE-BARNADOWN,1
MARGARET STREET -NORTHERN,MIDLAND,1
MARNIE,NERANG,1
MARNIE,NINGANA,1
MARONG,BOOTH,3
MARONG,DARE,3
MARONG,GOLD ASSOCIATES,1
MARONG,HAPPY VALLEY,1
MARONG,HONEYSUCKLE,4
MARONG,INGLEWOOD,3
MARONG,INGLIS,2
MARONG,LAZARUS,1
MARONG,LILY,6
MARONG,MARBLE ALT,1
MARONG,PETHARD,1
MARONG,SPECIMEN HILL,1
MARONG,WEST,1
MARONG-SERPENTINE,CONNORS,1
MARTIN,WOODWARD,1
MARTINS,SANDY CREEK-BARNADOWN,1
MAYNARD,MIDLAND,1
MCCLEANS,WALMER,1
MCCORMACKS,BRACEWELL,1
MCCORMICKS,DRUMMARTIN,1
MCCORMICKS,HUNTLY-FOSTERVILLE,2
MCCRAE,ARNOLD,5
MCCRAE,BAXTER,17
MCCRAE,CHAPEL,1
MCCRAE,MUNDY,4
MCCRAE,TOMLINS,1
MCCRAE STREET -PALL MALL,MUNDY,1
MCDONALDS,MIA MIA-LANCEFIELD,1
MCDOWALLS,DEAN,1
MCDOWALLS,ROSS,1
MCDOWALLS,VICTA,1
MCGLASHANS,WILD CHERRY,2
MCGOWAN,KNAPE,1
MCGOWAN,SEMMENS,1
MCGOWAN,WOOD,2
MCIVOR,ABBOTT,4
MCIVOR,ALEXANDER,2
MCIVOR,BENNETTS,2
MCIVOR,BOWLES,2
MCIVOR,CARR,1
MCIVOR,CASHENS,6
MCIVOR,CHAPEL,1
MCIVOR,CROOK,6
MCIVOR,DOAK,3
MCIVOR,DRUMMONDS,1
MCIVOR,GIRIS,2
MCIVOR,HARLEY,1
MCIVOR,HERBERT,1
MCIVOR,HICKEY,1
MCIVOR,HOCTORS,2
MCIVOR,HODGES,4
MCIVOR,HOMEBUSH,1
MCIVOR,INGHAM,2
MCIVOR,JAMES,3
MCIVOR,JEAN ALICE,1
MCIVOR,KNOWSLEY-BARNADOWN,3
MCIVOR,LONGLEA,2
MCIVOR,MAFEKING,1
MCIVOR,MARKOVICH,2
MCIVOR,MCIVOR,7
MCIVOR,MCIVOR ALT,1
MCIVOR,MCIVOR REV,5
MCIVOR,MIA MIA-DERRINAL,1
MCIVOR,MICHAEL,1
MCIVOR,MILL,1
MCIVOR,MITCHELL,12
MCIVOR,MOORABBEE,2
MCIVOR,MOORABBEE ALT,1
MCIVOR,MURPHY,8
MCIVOR,MYERS,2
MCIVOR,NEALE,1
MCIVOR,OLOUGHLIN,1
MCIVOR,ONE EYE,1
MCIVOR,PATRICK,2
MCIVOR,PEPPERTON,1
MCIVOR,POPES,3
MCIVOR,POWELLS,3
MCIVOR,PUTNAM,4
MCIVOR,RAGLAN W,2
MCIVOR,RESERVOIR,9
MCIVOR,SHADFORTH,1
MCIVOR,SMART,1
MCIVOR,SOMERSET PARK,5
MCIVOR,SPEED,1
MCIVOR,ST VINCENTS,1
MCIVOR,STERNBERG,31
MCIVOR,SUGARLOAF,2
MCIVOR,TAIG,1
MCIVOR,VINE,1
MCIVOR,WHITTINGTON,1
MCIVOR,YELLOW BOX,1
MCIVOR HIGHWAY SERVICE,MCIVOR FWD,1
MCLAREN,MUNDY,1
MCLAREN,WILLIAMSON,4
MCLENNAN,IRONBARK,1
MCNUTTS,HYLANDS,1
MCPHERSONS,SPRING FLAT,1
MCPHERSONS,WILD DUCK,1
MERCY,BARNARD,1
MERINDAH,BOYDS,1
MIA MIA-DERRINAL,HEATHCOTE-REDESDALE,1
MIA MIA-DERRINAL,KILLEENS,1
MIA MIA-DERRINAL,OLD RAILWAY RESERVE,1
MIA MIA-DERRINAL,SHEEDYS,2
MICHAEL,MCIVOR,2
MIDLAND,ALLEN,2
MIDLAND,AVONMORE-MAYREEF,1
MIDLAND,AXEDALE-GOORNONG,6
MIDLAND,BAGSHOT-WHIRRAKEE,2
MIDLAND,BAXTER,2
MIDLAND,BEECROFT,1
MIDLAND,BELLHOLME,1
MIDLAND,BENDIGO-MURCHISON,1
MIDLAND,BISSELL,5
MIDLAND,BORONIA,1
MIDLAND,BUCKLEYS,2
MIDLAND,BULLER,2
MIDLAND,BURGOYNE,1
MIDLAND,CAHILL,1
MIDLAND,CAMERON,1
MIDLAND,CENTENARY,1
MIDLAND,DARLING,1
MIDLAND,DEEP LEAD,1
MIDLAND,GLEESON,1
MIDLAND,GOLF COURSE,1
MIDLAND,GOORNONG-FOSTERVILLE,3
MIDLAND,GRACE,2
MIDLAND,GREGORYS,2
MIDLAND,GREVILLEA,1
MIDLAND,GUNGURRU,1
MIDLAND,HAKEA,3
MIDLAND,HARRIEN,2
MIDLAND,HOWARD,15
MIDLAND,IRONSTONE,7
MIDLAND,JOHNS,1
MIDLAND,LANMORE,3
MIDLAND,LIGAR,2
MIDLAND,MARGARET,1
MIDLAND,MAYNARD,4
MIDLAND,MONTIS,5
MIDLAND,MOORANG,1
MIDLAND,MULLANES,1
MIDLAND,MURPHYS,2
MIDLAND,PASLEY,2
MIDLAND,PETHERICKS,1
MIDLAND,REILLYS,1
MIDLAND,SAWMILL,1
MIDLAND,SOUTH,1
MIDLAND,STEPHENSON,1
MIDLAND,SWINDALE,1
MIDLAND,TAYLOR,1
MIDLAND,TOMA,3
MIDLAND,TYSONS,1
MIDLAND,WILLIS,1
MILHAVEN,HEENANS,1
MILLER,HAVLIN E,3
MILLER,HAVLIN W,1
MILLER,SHIPP,1
MILLER STREET -TOWNSEND,SOMERVILLE,13
MILLWOOD,CAMP,1
MILLWOOD,MATTHEWS,1
MILLWOOD,MELOTTE,1
MILROY,BUCKLEY,4
MILTON,SPRING GULLY,1
MINARDS,MURPHY,1
MITCHELL,EBDEN,1
MITCHELL,MITCHELL,2
MITCHELL,MOLLISON,10
MITCHELL,QUEEN,2
MITCHELL,RAILWAY,1
MITCHELL,WESLEY,1
MITCHELL,WILLS,1
MITCHELL STREET -MYERS,MITCHELL,1
MITCHELL STREET -RAILWAY,RAILWAY,1
MITCHELL STREET -WILLS,MITCHELL,2
MOHAIR,BRIGG,1
MOHAIR,STONEY GUM,1
MOLLISON,BRAMBLE,1
MOLLISON,WILLIAMSON,7
MONSANTS,RATHBONES,1
MORAY,EDWIN,1
MORRISON,HELM,1
MORRISON,QUEEN,1
MORRISON,WESLEY,2
MUNDY,HAVLIN W,1
MUNDY,MCLAREN,1
MUNDY,MYERS,1
MUNDY,STERNBERG,6
MURPHY,BRICKWORKS,1
MURPHY,LLOYD,2
MURPHY,MURPHY,1
MURPHY,ST AIDANS,1
MURPHY,STEANE,2
MURPHY,STRICKLAND,6
MYER,BOYD,1
MYERS,CHAPEL,2
MYERS,MCIVOR,1
MYERS,MUNDY,3
MYERS,ST ANDREWS,2
MYERS,WILLIAMSON,13
MYERS FLAT,BURNT GULLY,1
MYERS FLAT,HARDYS,1
MYERS FLAT,MARONG-SERPENTINE,1
MYERS FLAT,SANDHURST TOWN,1
MYRTLE,ARRAWALLI,1
MYRTLE,CREEK N,1
MYRTLE,CREEK S,2
MYRTLE,ELANDRA,1
MYRTLE,HARGREAVES,5
MYRTLE,MYRTLE,2
MYRTLE,QUEEN,2
MYRTLE,RUSSELL,1
MYRTLE,WILLS,2
NANKERVIS,PEARCES,1
NANKOOR,MONAK,1
NAPIER,BOSQUET,3
NAPIER,BULLER,5
NAPIER,CAHILL,5
NAPIER,DENHAM,1
NAPIER,DERRIMUT,1
NAPIER,GLEESON,3
NAPIER,GRACE,3
NAPIER,HALL,1
NAPIER,HAMELIN,13
NAPIER,KIRILY,1
NAPIER,KNIGHT,5
NAPIER,LYONS,15
NAPIER,NAPOLEON,1
NAPIER,NOLAN,22
NAPIER,ORVILLE,1
NAPIER,PANTON,1
NAPIER,PLUMRIDGE,4
NAPIER,POWELL,5
NAPIER,SCOTT,2
NAPIER,TAYLOR,3
NAPIER,TOMLINS,1
NAPIER,WEEROONA,5
NAPIER,WILLMAN,2
NATIVE GULLY,FRAWLEY,1
NEALE,CONDON,1
NEALE,DRECHSLER,1
NEALE,MUNDY,1
NEALE,SKENE,1
NEANGAR,NEANGAR ALT,1
NEIL,LOCKWOOD,1
NEIL,STATION,2
NELSON,LOUDON,1
NELSON,SANDHURST,3
NELSON,TECHNOLOGY,1
NELSON,WOOD,3
NEVINSON,WONGABURRA,2
NEW,GREEN,1
NEWTON,HODGSON,1
NISH,SOMERVILLE,2
NOLAN,END,1
NOLAN,JOSEPH,3
NOLAN,LUCAN,1
NOLAN,NAPIER,3
NOLAN,PROUSES,1
NOLAN,WORTHA,2
NORELLE,MISTLETOE,1
NORMA,BELINDA,1
NORMAN,PLANT,1
NORTH HARCOURT,FORD,3
NORTH HARCOURT,LEANGANOOK,2
NORTH HARCOURT,YOUNGS,2
NORTH REDESDALE,MUD N,1
NORTHERN,BENNETT,1
NORTHERN,BURNEWANG,2
NORTHERN,CARDWELL,3
NORTHERN,CHAUNCEY,1
NORTHERN,COPPERMINE,1
NORTHERN,DOWDS,2
NORTHERN,DRUMMONDS,1
NORTHERN,ELMORE-RAYWOOD,2
NORTHERN,HANDMER,2
NORTHERN,HEENANS,2
NORTHERN,NEWLANS,3
NORTHERN,SCHOOLHOUSE,2
NORTHERN,SHURANS,1
NORTHERN,STODDART,2
NORTHERN,TRELLIS,1
NORTHERN,TUNNECLIFFS,2
NORTHERN,WARROWITUE-FOREST,3
NORTHERN,WEIR,6
OAK,ALLINGHAM,1
OAK,ELLIOTT,2
OAK,PANTON,1
OBERINS,PETHERICKS,1
OBRIENS,HAWKINS,1
OLD BENDIGO,MCIVOR,1
OLD BRIDGEWATER,HARDYS,1
OLD RAILWAY RESERVE,MIA MIA-DERRINAL,1
OLD RAILWAY RESERVE,WARREN,1
OLINDA STREET -RUSSELL,OLINDA,1
OLINDA STREET -RUSSELL,RUSSELL,1
OLYMPIC,CALDER,1
OLYMPIC,COLLINS,1
OLYMPIC,ENNOR,1
OLYMPIC,GLENVALE,2
OLYMPIC,HIGHVIEW,2
OLYMPIC,HINES,1
OLYMPIC,HOPE,2
OLYMPIC,MAGELLAN,1
OLYMPIC,NORELLE,2
OLYMPIC,ROCKY RISES,1
OLYMPIC,SPENCER,1
OLYMPIC,SYMONDS,1
OLYMPIC,WICKS,6
ONE TREE HILL,EDWARDS,3
OSBORNE,COMMINS,1
OSBORNE,JOACHIM,1
OSBORNE,RETREAT,1
OSULLIVANS,WIMMERA,1
OSWALD,ROY,1
OSWALD,WHITFIELD,1
PALL MALL,BULL,1
PALL MALL,MUNDY,1
PALL MALL,PARK,1
PALL MALL,VICTORIA,2
PALL MALL,WILLIAM VAHLAND,3
PALL MALL,WILLIAMSON,8
PANTON,LAUREL,1
PANTON,VICTORIA,5
PARK,GAOL,1
PARK,PARK ROAD CAR PARK,1
PATERSON,CARPENTER S,1
PATERSON,TENNYSON,1
PATONS,CURRIE,1
PATONS,CZAR,1
PATONS,EPPALOCK AIRFIELD,1
PATONS,GODFREYS,2
PATONS,LYELL,1
PATONS,MAGPIE,1
PAVEYS,HALL,1
PEATLINGS,MIDLAND,3
PENTLANDS,PICCANINNY,1
PHILLIS,HIGH,1
PHILLIS,LEE,1
PINCHGUT,BENDIGO-MARYBOROUGH,1
PINPANDOOR,OBRIENS,1
PIPER,VICTA,1
PIPER,WELLSFORD,1
PITSONS,CLAYS ALT,1
PLANT,DODDER,1
PLANT,ELLESMERE,1
PLANTATION,C4,3
PLANTATION,DARGILE,1
PLANTATION,DEALBA,1
PLUMRIDGE,KENNEWELL,1
PLUMRIDGE,NAPIER,1
PLUMRIDGE,RAGLAN,3
PLUMRIDGE,ST KILLIAN,3
POPES,KNOTTS,1
POWELL,BOBS,1
POWELLS,MCIVOR,3
POWELLS AVENUE -STRICKLAND,STRICKLAND,4
PRATTS PARK,MCIVOR,1
PRATTS PARK,STRICKLAND,2
PRATTS PARK,VICTA,2
PROUSES,AVERYS,1
PROUSES,COHN,1
PROUSES,DEGILLE,2
PROUSES,HOLDSWORTH,4
PROUSES,KOOKABURRA,1
PROUSES,NOLAN,1
PROUSES,NORFOLK,1
PYKE,MILLER,5
QUEEN,CORREA,1
QUEEN,DUKE,2
QUEEN,KAHLAND,1
QUEEN,LYTTLETON,3
QUEEN,MITCHELL,1
QUEEN,SHORT,1
QUEEN,WHIRAKEE,1
QUINNS,LODDON VALLEY,3
RACECOURSE,GOLF COURSE,2
RACECOURSE,HEINZ,1
RACECOURSE,WYNNES,1
RAILWAY,ARTHUR,1
RAILWAY,GEE,1
RAILWAY,MOLLISON,4
RAILWAY,TAYLOR,1
RANDALL,MANGANS,1
RANGE,HEATHCOTE-NORTH COSTERFIELD,1
RANKIN,CORNISH,1
RASMUSSENS,GOORNONG-MAYREEF,1
RATHBONES,PATRICIA,1
RED BOX,RED BOX ALT,1
RED JACKET,JOBES,1
REDBURNS,HAKEA,1
REDCASTLE CEMETERY,STONEY CROSSING,1
RESERVOIR,BUTCHER,1
RESERVOIR,COUSINS,7
RESERVOIR,LOCLIFF,1
RESERVOIR,MIRANDA,1
RESERVOIR,NABILLA,2
RESERVOIR,NARANGHI,1
RESERVOIR,PARKSIDE,1
RESERVOIR,PLANTE,2
RETREAT,JOACHIM,1
RETREAT,KEOGH,1
RETREAT,RAYMOND,1
RETREAT,STANLEY,1
RIFLE RANGE,PLANT,1
RILEYS,LODDON VALLEY,1
RIVERSDALE,BARNBOUGLE,1
ROCKY RISES,ANDREWS,1
ROCKY RISES,DRINKWATER,1
ROCKY RISES,OLYMPIC,1
RODNEY,SOMERVILLE,1
ROEDER,PROUT,1
ROHS,ROWENA,1
ROHS,VICTA,1
ROHS ROAD -STRICKLAND,STRICKLAND,1
ROSE,TAYLOR,3
ROWAN,BURN,1
ROWBOTHAMS,HIRD,1
RUSSELL,GLADSTONE,3
RUSSELL,HAMLET,1
RUSSELL,HOUSTON,1
RUSSELL,MALCOLM,1
SAILORS GULLY,COAKES,1
SAILORS GULLY,CONDER,1
SAILORS GULLY,DARLING,3
SAILORS GULLY,KIRKWOOD,2
SAILORS GULLY,LESTER,1
SAILORS GULLY,LODDON VALLEY,2
SAILORS GULLY,MOUAT,1
SANDER,WHIPSTICK,2
SANDHURST,DOWDING,2
SANDHURST,EAGLEHAWK,1
SANDHURST,MCGOWAN,3
SANDHURST RESERVOIR,MUNROE,1
SANDY CREEK-BARNADOWN,CLIFTON N,1
SANDY CREEK-BARNADOWN,ELMORE-BARNADOWN,3
SANDY CREEK-BARNADOWN,GOORNONG-FOSTERVILLE,1
SANDY CREEK-BARNADOWN,HANRAHAN,1
SANDY CREEK-BARNADOWN,HUNTLY-FOSTERVILLE,1
SANDY CREEK-BARNADOWN,OBERINS,1
SANDY CREEK-BARNADOWN,OLD STOCK ROUTE,1
SANDY CREEK-BARNADOWN,PEATLINGS,3
SANDY CREEK-BARNADOWN,W21,1
SAWMILL,WHIRRAKEE,1
SCHOOLHOUSE,LONG,1
SCHOOLHOUSE,MURPHYS,1
SCHUMAKERS,ALLIES,2
SCOTSMAN,OLD TOM,1
SCOTT,PRIEST,3
SCOTTS,WILLIAM PERRY,1
SEDGWICK,BOYD,1
SEDGWICK,CLAREMONT,1
SEDGWICK,CONWAY,1
SEDGWICK,GLEN CLARE,1
SEDGWICK,HERITAGE,1
SEDGWICK,MCCALMAN,2
SEDGWICK,NANKERVIS,1
SEDGWICK,PEARCES,1
SEDGWICK,SEDGWICK,1
SEDGWICK,STORYS,2
SEDGWICK,SUTTON GRANGE,1
SHAMROCK,OLD HIGH,3
SHARON,ARTS,1
SHEEDYS,KILLEENS,1
SHERWOOD,SAWMILL,1
SHORT,CREEK N,1
SHORT,GRAHAM,1
SHORT,LANSELL,1
SHORT,STATION,1
SIBLEY,CROOK,1
SIMPSONS,BURNSIDE,1
SIMPSONS,BUTTS,1
SIMPSONS,TRUMBLE,1
SIMPSONS,WALLENJOE,1
SIMS,MYRTLE CREEK,1
SINCLAIRS,BINKS,1
SINCLAIRS,SOMERSET PARK,1
SKENE,NEALE,1
SKENE,STERNBERG,2
SOLDATOS,MARTIN,1
SOMERSET PARK,CALEANA,1
SOMERSET PARK,HONEYEATER,1
SOMERSET PARK,MCIVOR,1
SOMERSET PARK,SINCLAIRS,1
SOMERVILLE,APSLEY,1
SOMERVILLE,BEEBE,1
SOMERVILLE,ELLIS,1
SOMERVILLE,KADINA,1
SOMERVILLE,NISH,1
SOMERVILLE,TOWNSEND,1
SPARROWHAWK,ALBERT,2
SPARROWHAWK,GOLD ASSOCIATES,1
SPARROWHAWK,HUMBOLDT,2
SPARROWHAWK,WEARNE,1
SPARROWHAWK,WESTBURY,1
SPECIMEN HILL,EMMETT,5
SPECIMEN HILL,INGLEWOOD,1
SPECIMEN HILL,JORBEN,1
SPECIMEN HILL,KIRBY,1
SPECIMEN HILL,MARONG,1
SPECIMEN HILL,PALLETT,1
SPECIMEN HILL,TAYLOR,3
SPRING FLAT,MCPHERSONS,1
SPRING FLAT,ROWBOTHAMS,1
SPRING GULLY,AUTUMN GULLY,1
SPRING GULLY,LAWSON,1
SPRING GULLY,WATTLE,1
SPRING GULLY,WHITTAKER,1
SPRINGS,BROADBENT,1
ST AIDANS,BREN,1
ST AIDANS,HOLLAND,1
ST AIDANS,MIJUDA,1
ST AIDANS,YALLAMBEE,1
ST ANDREWS,LYTTLETON,2
ST ANDREWS,MARKET,1
ST JAMES WOOD,LOBB,1
ST VINCENTS,MCIVOR,1
STATION,BLAY,2
STATION,CASSANDRA,1
STATION,CHURCH,1
STATION,DUNLOP,2
STATION,GLENWILL,1
STATION,JONES,1
STATION,LIGAR,1
STATION,SMITH,1
STATION,TOBIN,3
STEANE,MILL,1
STERNBERG,HODGKINSON,1
STERNBERG,LIGAR,2
STERNBERG,MCIVOR,2
STERNBERG,SKENE,1
STERNBERG,STERNBERG ALT,1
STERNBERG,TOWNSEND,2
STERNBERG,WHITE,3
STEWART,BAYNE,1
STONE,UPPER CALIFORNIA GULLY,1
STORYS,BROWNS,1
STORYS,CAVAGNA,1
STORYS,EMU CREEK,2
STORYS,WIENER,1
STRATHDALE,DESMOND,1
STRATHFIELDSAYE,AXE CREEK,4
STRATHFIELDSAYE,BANFIELD,1
STRATHFIELDSAYE,COLVINS,1
STRATHFIELDSAYE,DUKES,2
STRATHFIELDSAYE,ERNIOLD,3
STRATHFIELDSAYE,FITZGIBBON,1
STRATHFIELDSAYE,GLEESONS,1
STRATHFIELDSAYE,GODFREYS,1
STRATHFIELDSAYE,GUYS HILL,2
STRATHFIELDSAYE,KIMBOLTON-AXEDALE,1
STRATHFIELDSAYE,MANNES,1
STRATHFIELDSAYE,MCCLEANS,2
STRATHFIELDSAYE,MILLS,2
STRATHFIELDSAYE,OSBORNE,3
STRATHFIELDSAYE,RYALLS,6
STRATHFIELDSAYE,WATSON,1
STRATHFIELDSAYE,WOODLEA,1
STRATHFIELDSAYE ROAD -WELLINGTON,CLUB,1
STRAY,SPARROWHAWK,1
STRICKLAND,HARPIN,1
STRICKLAND,HESLING,1
STRICKLAND,HINTON,2
STRICKLAND,MCDOWALLS,4
STRICKLAND,SOLOMON,1
SUGARLOAF,AXEDALE-GOORNONG,1
SUGARLOAF,MCCORMICKS,1
SULLIVAN,THISTLE,2
SULLIVANS,ELIZABETH,1
SUNRISE GULLY,LOCKWOOD,1
SUNSET,LYELL,1
SUTTON GRANGE,AXE CREEK,2
SUTTON GRANGE,SEDGWICK,1
SUTTON GRANGE,TARRLEAH,1
SWANSON,CADELLA,1
SWANSON,STRATHFIELDSAYE,1
SYMONDS,OLYMPIC,1
TANNERY,MANDURANG,1
TANNERY,NANKERVIS,1
TANNERY,REGENT,1
TANNERY,TANNERY HEIGHTS,2
TARR,LOCKWOOD,1
TAYLOR,PERRY,1
TAYLOR,ROPER,1
TAYLOR,UPPER CALIFORNIA GULLY,3
TEHAN,HEATHCOTE-REDESDALE,1
THE TERRACE,EDWARDS,1
THISTLE,CHUM,1
THISTLE,DEBORAH,1
THISTLE,HIGH,2
THISTLE,KING,1
THISTLE,MACKENZIE,1
THISTLE,ROWAN,1
THUNDER,MORAY,1
TORRENS,HIGH ALT,1
TOWNSEND,CONDON,4
TOWNSEND,NEALE,2
TOWNSEND,SOMERVILLE,1
TRAMWAYS,HARGREAVES,1
TRESIZE,MURPHY,1
TRESIZE,PLANT,3
TROTTING,BINKS,1
TROTTING,LA VALLA,2
TROTTING,MCIVOR FOREST,1
TROTTING,ST VINCENTS,2
TROTTING,WILKIE,1
TRUSCOTT,HARRIS,1
TUCKERS,CAMPBELL,1
TYLER,BAGSHOT,1
UNION,HAPPY VALLEY,1
UNNAMED,BEAUCHAMP,1
UNNAMED,FLOREY,1
UNNAMED,HOWARD,1
UNNAMED,HUDDLE,1
UNNAMED,MCCLELLAND,1
UNNAMED,RAILWAY,1
UNNAMED,WHIPSTICK,1
UPPER CALIFORNIA GULLY,ALEXANDRA,1
UPPER CALIFORNIA GULLY,BARKER,1
UPPER CALIFORNIA GULLY,BROWN,1
UXBRIDGE,APSLEY,1
VAINS,BELLE VUE,1
VAINS,WOODWARD,1
VICTA,MCDOWALLS,3
VICTORIA,AVERYS,1
VICTORIA,BROWN,1
VICTORIA,BUTTS,1
VICTORIA,DENHAM,2
VICTORIA,HIGH,4
VICTORIA,PANTON,3
VIEW,BARKLY,1
VIEW,BARNARD,1
VIEW,GAOL,2
VIEW,LANGSTON,1
VIEW,MACKENZIE,3
VIEW,PALL MALL,2
VIEW,PARK,1
VIEW,STEVENSON,1
VIEW,VIEW,6
VIOLET,HIGH,1
VOSTI,FARNELLS,1
VOSTI,RICE,1
WALLENJOE,HOWARD,2
WALLENJOE,SIMPSONS,1
WAPPENTAKE,HEATHCOTE-NAGAMBIE,2
WARATAH,WHIRRAKEE,2
WARROWITUE-FOREST,MILHAVEN,2
WARROWITUE-FOREST,PALLING,1
WARROWITUE-FOREST,YOUNGS,1
WATER,BRIDGE,1
WATERVIEW,EMERALD,1
WATSON,CALLAGHAN,1
WATTLE,CREEK N,2
WATTLE,HARGREAVES,1
WEATHERALL,WOOD,3
WEDGE,DIAMOND HILL,1
WEEROONA,BAKEWELL,2
WEEROONA,CALEDONIA,8
WEEROONA,NAPIER,4
WELLINGTON,BLUCHER,3
WELLINGTON,STRATHLODDON,4
WELLINGTON,UXBRIDGE,1
WELLSFORD,POPE,1
WESTWOOD,JULIAN,1
WHIPSTICK,CLYMO,2
WHIPSTICK,FOXES,3
WHIPSTICK,HODGSON,1
WHIPSTICK,MANDERSON,1
WHIPSTICK,PROWSE,1
WHIPSTICK,SANDER,2
WIEGARDS,LOCKWOOD,2
WIEGARDS,SPRIGGS,1
WIEGARDS,WISHBONE,1
WILDFLOWER,MCIVOR FWD,1
WILDFLOWER,TURNERS,1
WILKINSONS,NORTH HARCOURT,1
WILLIAMSON,ASHMANS,1
WILLIAMSON,BROUGHAM,2
WILLIAMSON,CONDON,1
WILLIAMSON,LYTTLETON,2
WILLIAMSON,MCLAREN,1
WILLIAMSON,PALL MALL,1
WILLS,ARTHUR,1
WILLS,EDWARD,3
WILLS,MYRTLE,1
WILSON,DALY,1
WILSONS HILL,MCCREDDONS,1
WIMMERA,EGANS,1
WIMMERA,MCCREDDONS,1
WIMMERA,OSULLIVANS,2
WIMMERA,POWERS,1
WIRTH,DAVIES,1
WONGABURRA,WONGABURRA ALT,1
WOOD,HAVILAH,1
WOOD,MORAN,3
WOOD,STAFFORD,1
WOOD,WEATHERALL,1
WOODWARD,HATTAM,1
YANKEE CREEK,HUNTLY-FOSTERVILLE,1
YORKSHIRE,MITCHELLS,1
